dataset_name,video_id,source_dataset,official_source_url,license,participant_id,question_id,deception_label,assistance_label,drive_location,transcript_location,remote_reference,file_status,local_cache_path,archive_member,transcript_member,size_bytes,crc32,notes
michigan_deception,trial_lie_001,real_life_deception,https://web.eecs.umich.edu/~mihalcea/downloads.html,No license file in archive or on page; released by the authors for research. Cite Perez-Rosas et al. ICMI 2015.,,,DECEPTIVE,UNKNOWN,datasets/michigan_deception/Clips/Deceptive/trial_lie_001.mp4,datasets/michigan_deception/Transcription/Deceptive/trial_lie_001.txt,,AVAILABLE_AT_SOURCE,,Real-life_Deception_Detection_2016/Clips/Deceptive/trial_lie_001.mp4,Real-life_Deception_Detection_2016/Transcription/Deceptive/trial_lie_001.txt,861365,586eec95,
michigan_deception,trial_lie_002,real_life_deception,https://web.eecs.umich.edu/~mihalcea/downloads.html,No license file in archive or on page; released by the authors for research. Cite Perez-Rosas et al. ICMI 2015.,,,DECEPTIVE,UNKNOWN,datasets/michigan_deception/Clips/Deceptive/trial_lie_002.mp4,datasets/michigan_deception/Transcription/Deceptive/trial_lie_002.txt,,AVAILABLE_AT_SOURCE,,Real-life_Deception_Detection_2016/Clips/Deceptive/trial_lie_002.mp4,Real-life_Deception_Detection_2016/Transcription/Deceptive/trial_lie_002.txt,2416392,3716a4a3,
michigan_deception,trial_lie_003,real_life_deception,https://web.eecs.umich.edu/~mihalcea/downloads.html,No license file in archive or on page; released by the authors for research. Cite Perez-Rosas et al. ICMI 2015.,,,DECEPTIVE,UNKNOWN,datasets/michigan_deception/Clips/Deceptive/trial_lie_003.mp4,datasets/michigan_deception/Transcription/Deceptive/trial_lie_003.txt,,AVAILABLE_AT_SOURCE,,Real-life_Deception_Detection_2016/Clips/Deceptive/trial_lie_003.mp4,Real-life_Deception_Detection_2016/Transcription/Deceptive/trial_lie_003.txt,255168,9406fb6c,
michigan_deception,trial_lie_004,real_life_deception,https://web.eecs.umich.edu/~mihalcea/downloads.html,No license file in archive or on page; released by the authors for research. Cite Perez-Rosas et al. ICMI 2015.,,,DECEPTIVE,UNKNOWN,datasets/michigan_deception/Clips/Deceptive/trial_lie_004.mp4,datasets/michigan_deception/Transcription/Deceptive/trial_lie_004.txt,,AVAILABLE_AT_SOURCE,,Real-life_Deception_Detection_2016/Clips/Deceptive/trial_lie_004.mp4,Real-life_Deception_Detection_2016/Transcription/Deceptive/trial_lie_004.txt,390104,480745b5,
michigan_deception,trial_lie_005,real_life_deception,https://web.eecs.umich.edu/~mihalcea/downloads.html,No license file in archive or on page; released by the authors for research. Cite Perez-Rosas et al. ICMI 2015.,,,DECEPTIVE,UNKNOWN,datasets/michigan_deception/Clips/Deceptive/trial_lie_005.mp4,datasets/michigan_deception/Transcription/Deceptive/trial_lie_005.txt,,AVAILABLE_AT_SOURCE,,Real-life_Deception_Detection_2016/Clips/Deceptive/trial_lie_005.mp4,Real-life_Deception_Detection_2016/Transcription/Deceptive/trial_lie_005.txt,1853957,62a164fd,
michigan_deception,trial_lie_006,real_life_deception,https://web.eecs.umich.edu/~mihalcea/downloads.html,No license file in archive or on page; released by the authors for research. Cite Perez-Rosas et al. ICMI 2015.,,,DECEPTIVE,UNKNOWN,datasets/michigan_deception/Clips/Deceptive/trial_lie_006.mp4,datasets/michigan_deception/Transcription/Deceptive/trial_lie_006.txt,,AVAILABLE_AT_SOURCE,,Real-life_Deception_Detection_2016/Clips/Deceptive/trial_lie_006.mp4,Real-life_Deception_Detection_2016/Transcription/Deceptive/trial_lie_006.txt,961714,8bf495fb,
michigan_deception,trial_lie_007,real_life_deception,https://web.eecs.umich.edu/~mihalcea/downloads.html,No license file in archive or on page; released by the authors for research. Cite Perez-Rosas et al. ICMI 2015.,,,DECEPTIVE,UNKNOWN,datasets/michigan_deception/Clips/Deceptive/trial_lie_007.mp4,datasets/michigan_deception/Transcription/Deceptive/trial_lie_007.txt,,AVAILABLE_AT_SOURCE,,Real-life_Deception_Detection_2016/Clips/Deceptive/trial_lie_007.mp4,Real-life_Deception_Detection_2016/Transcription/Deceptive/trial_lie_007.txt,6477415,1a59dd8c,
michigan_deception,trial_lie_008,real_life_deception,https://web.eecs.umich.edu/~mihalcea/downloads.html,No license file in archive or on page; released by the authors for research. Cite Perez-Rosas et al. ICMI 2015.,,,DECEPTIVE,UNKNOWN,datasets/michigan_deception/Clips/Deceptive/trial_lie_008.mp4,datasets/michigan_deception/Transcription/Deceptive/trial_lie_008.txt,,AVAILABLE_AT_SOURCE,,Real-life_Deception_Detection_2016/Clips/Deceptive/trial_lie_008.mp4,Real-life_Deception_Detection_2016/Transcription/Deceptive/trial_lie_008.txt,1012939,582fab37,
michigan_deception,trial_lie_009,real_life_deception,https://web.eecs.umich.edu/~mihalcea/downloads.html,No license file in archive or on page; released by the authors for research. Cite Perez-Rosas et al. ICMI 2015.,,,DECEPTIVE,UNKNOWN,datasets/michigan_deception/Clips/Deceptive/trial_lie_009.mp4,datasets/michigan_deception/Transcription/Deceptive/trial_lie_009.txt,,AVAILABLE_AT_SOURCE,,Real-life_Deception_Detection_2016/Clips/Deceptive/trial_lie_009.mp4,Real-life_Deception_Detection_2016/Transcription/Deceptive/trial_lie_009.txt,2898204,ba51e87f,
michigan_deception,trial_lie_010,real_life_deception,https://web.eecs.umich.edu/~mihalcea/downloads.html,No license file in archive or on page; released by the authors for research. Cite Perez-Rosas et al. ICMI 2015.,,,DECEPTIVE,UNKNOWN,datasets/michigan_deception/Clips/Deceptive/trial_lie_010.mp4,datasets/michigan_deception/Transcription/Deceptive/trial_lie_010.txt,,AVAILABLE_AT_SOURCE,,Real-life_Deception_Detection_2016/Clips/Deceptive/trial_lie_010.mp4,Real-life_Deception_Detection_2016/Transcription/Deceptive/trial_lie_010.txt,3843473,8e7f8d2d,
michigan_deception,trial_lie_011,real_life_deception,https://web.eecs.umich.edu/~mihalcea/downloads.html,No license file in archive or on page; released by the authors for research. Cite Perez-Rosas et al. ICMI 2015.,,,DECEPTIVE,UNKNOWN,datasets/michigan_deception/Clips/Deceptive/trial_lie_011.mp4,datasets/michigan_deception/Transcription/Deceptive/trial_lie_011.txt,,AVAILABLE_AT_SOURCE,,Real-life_Deception_Detection_2016/Clips/Deceptive/trial_lie_011.mp4,Real-life_Deception_Detection_2016/Transcription/Deceptive/trial_lie_011.txt,4579931,fb9e857b,
michigan_deception,trial_lie_012,real_life_deception,https://web.eecs.umich.edu/~mihalcea/downloads.html,No license file in archive or on page; released by the authors for research. Cite Perez-Rosas et al. ICMI 2015.,,,DECEPTIVE,UNKNOWN,datasets/michigan_deception/Clips/Deceptive/trial_lie_012.mp4,datasets/michigan_deception/Transcription/Deceptive/trial_lie_012.txt,,AVAILABLE_AT_SOURCE,,Real-life_Deception_Detection_2016/Clips/Deceptive/trial_lie_012.mp4,Real-life_Deception_Detection_2016/Transcription/Deceptive/trial_lie_012.txt,1075985,3a3d3680,
michigan_deception,trial_lie_013,real_life_deception,https://web.eecs.umich.edu/~mihalcea/downloads.html,No license file in archive or on page; released by the authors for research. Cite Perez-Rosas et al. ICMI 2015.,,,DECEPTIVE,UNKNOWN,datasets/michigan_deception/Clips/Deceptive/trial_lie_013.mp4,datasets/michigan_deception/Transcription/Deceptive/trial_lie_013.txt,,AVAILABLE_AT_SOURCE,,Real-life_Deception_Detection_2016/Clips/Deceptive/trial_lie_013.mp4,Real-life_Deception_Detection_2016/Transcription/Deceptive/trial_lie_013.txt,2785739,cbfac18b,
michigan_deception,trial_lie_014,real_life_deception,https://web.eecs.umich.edu/~mihalcea/downloads.html,No license file in archive or on page; released by the authors for research. Cite Perez-Rosas et al. ICMI 2015.,,,DECEPTIVE,UNKNOWN,datasets/michigan_deception/Clips/Deceptive/trial_lie_014.mp4,datasets/michigan_deception/Transcription/Deceptive/trial_lie_014.txt,,AVAILABLE_AT_SOURCE,,Real-life_Deception_Detection_2016/Clips/Deceptive/trial_lie_014.mp4,Real-life_Deception_Detection_2016/Transcription/Deceptive/trial_lie_014.txt,2261758,7b741aa3,
michigan_deception,trial_lie_015,real_life_deception,https://web.eecs.umich.edu/~mihalcea/downloads.html,No license file in archive or on page; released by the authors for research. Cite Perez-Rosas et al. ICMI 2015.,,,DECEPTIVE,UNKNOWN,datasets/michigan_deception/Clips/Deceptive/trial_lie_015.mp4,datasets/michigan_deception/Transcription/Deceptive/trial_lie_015.txt,,AVAILABLE_AT_SOURCE,,Real-life_Deception_Detection_2016/Clips/Deceptive/trial_lie_015.mp4,Real-life_Deception_Detection_2016/Transcription/Deceptive/trial_lie_015.txt,5467686,01a54c46,
michigan_deception,trial_lie_016,real_life_deception,https://web.eecs.umich.edu/~mihalcea/downloads.html,No license file in archive or on page; released by the authors for research. Cite Perez-Rosas et al. ICMI 2015.,,,DECEPTIVE,UNKNOWN,datasets/michigan_deception/Clips/Deceptive/trial_lie_016.mp4,datasets/michigan_deception/Transcription/Deceptive/trial_lie_016.txt,,AVAILABLE_AT_SOURCE,,Real-life_Deception_Detection_2016/Clips/Deceptive/trial_lie_016.mp4,Real-life_Deception_Detection_2016/Transcription/Deceptive/trial_lie_016.txt,5956445,25bed2dc,
michigan_deception,trial_lie_017,real_life_deception,https://web.eecs.umich.edu/~mihalcea/downloads.html,No license file in archive or on page; released by the authors for research. Cite Perez-Rosas et al. ICMI 2015.,,,DECEPTIVE,UNKNOWN,datasets/michigan_deception/Clips/Deceptive/trial_lie_017.mp4,datasets/michigan_deception/Transcription/Deceptive/trial_lie_017.txt,,AVAILABLE_AT_SOURCE,,Real-life_Deception_Detection_2016/Clips/Deceptive/trial_lie_017.mp4,Real-life_Deception_Detection_2016/Transcription/Deceptive/trial_lie_017.txt,7567345,2bf8aa4b,
michigan_deception,trial_lie_018,real_life_deception,https://web.eecs.umich.edu/~mihalcea/downloads.html,No license file in archive or on page; released by the authors for research. Cite Perez-Rosas et al. ICMI 2015.,,,DECEPTIVE,UNKNOWN,datasets/michigan_deception/Clips/Deceptive/trial_lie_018.mp4,datasets/michigan_deception/Transcription/Deceptive/trial_lie_018.txt,,AVAILABLE_AT_SOURCE,,Real-life_Deception_Detection_2016/Clips/Deceptive/trial_lie_018.mp4,Real-life_Deception_Detection_2016/Transcription/Deceptive/trial_lie_018.txt,5536607,0df5d4a4,
michigan_deception,trial_lie_019,real_life_deception,https://web.eecs.umich.edu/~mihalcea/downloads.html,No license file in archive or on page; released by the authors for research. Cite Perez-Rosas et al. ICMI 2015.,,,DECEPTIVE,UNKNOWN,datasets/michigan_deception/Clips/Deceptive/trial_lie_019.mp4,datasets/michigan_deception/Transcription/Deceptive/trial_lie_019.txt,,AVAILABLE_AT_SOURCE,,Real-life_Deception_Detection_2016/Clips/Deceptive/trial_lie_019.mp4,Real-life_Deception_Detection_2016/Transcription/Deceptive/trial_lie_019.txt,5790553,bca376b0,
michigan_deception,trial_lie_020,real_life_deception,https://web.eecs.umich.edu/~mihalcea/downloads.html,No license file in archive or on page; released by the authors for research. Cite Perez-Rosas et al. ICMI 2015.,,,DECEPTIVE,UNKNOWN,datasets/michigan_deception/Clips/Deceptive/trial_lie_020.mp4,datasets/michigan_deception/Transcription/Deceptive/trial_lie_020.txt,,AVAILABLE_AT_SOURCE,,Real-life_Deception_Detection_2016/Clips/Deceptive/trial_lie_020.mp4,Real-life_Deception_Detection_2016/Transcription/Deceptive/trial_lie_020.txt,1841373,4a3409b4,
michigan_deception,trial_lie_021,real_life_deception,https://web.eecs.umich.edu/~mihalcea/downloads.html,No license file in archive or on page; released by the authors for research. Cite Perez-Rosas et al. ICMI 2015.,,,DECEPTIVE,UNKNOWN,datasets/michigan_deception/Clips/Deceptive/trial_lie_021.mp4,datasets/michigan_deception/Transcription/Deceptive/trial_lie_021.txt,,AVAILABLE_AT_SOURCE,,Real-life_Deception_Detection_2016/Clips/Deceptive/trial_lie_021.mp4,Real-life_Deception_Detection_2016/Transcription/Deceptive/trial_lie_021.txt,3008139,1eaad2b8,
michigan_deception,trial_lie_022,real_life_deception,https://web.eecs.umich.edu/~mihalcea/downloads.html,No license file in archive or on page; released by the authors for research. Cite Perez-Rosas et al. ICMI 2015.,,,DECEPTIVE,UNKNOWN,datasets/michigan_deception/Clips/Deceptive/trial_lie_022.mp4,datasets/michigan_deception/Transcription/Deceptive/trial_lie_022.txt,,AVAILABLE_AT_SOURCE,,Real-life_Deception_Detection_2016/Clips/Deceptive/trial_lie_022.mp4,Real-life_Deception_Detection_2016/Transcription/Deceptive/trial_lie_022.txt,6578015,de9c99c6,
michigan_deception,trial_lie_023,real_life_deception,https://web.eecs.umich.edu/~mihalcea/downloads.html,No license file in archive or on page; released by the authors for research. Cite Perez-Rosas et al. ICMI 2015.,,,DECEPTIVE,UNKNOWN,datasets/michigan_deception/Clips/Deceptive/trial_lie_023.mp4,datasets/michigan_deception/Transcription/Deceptive/trial_lie_023.txt,,AVAILABLE_AT_SOURCE,,Real-life_Deception_Detection_2016/Clips/Deceptive/trial_lie_023.mp4,Real-life_Deception_Detection_2016/Transcription/Deceptive/trial_lie_023.txt,6965763,51e9e705,
michigan_deception,trial_lie_024,real_life_deception,https://web.eecs.umich.edu/~mihalcea/downloads.html,No license file in archive or on page; released by the authors for research. Cite Perez-Rosas et al. ICMI 2015.,,,DECEPTIVE,UNKNOWN,datasets/michigan_deception/Clips/Deceptive/trial_lie_024.mp4,datasets/michigan_deception/Transcription/Deceptive/trial_lie_024.txt,,AVAILABLE_AT_SOURCE,,Real-life_Deception_Detection_2016/Clips/Deceptive/trial_lie_024.mp4,Real-life_Deception_Detection_2016/Transcription/Deceptive/trial_lie_024.txt,4009137,188a4d69,
michigan_deception,trial_lie_025,real_life_deception,https://web.eecs.umich.edu/~mihalcea/downloads.html,No license file in archive or on page; released by the authors for research. Cite Perez-Rosas et al. ICMI 2015.,,,DECEPTIVE,UNKNOWN,datasets/michigan_deception/Clips/Deceptive/trial_lie_025.mp4,datasets/michigan_deception/Transcription/Deceptive/trial_lie_025.txt,,AVAILABLE_AT_SOURCE,,Real-life_Deception_Detection_2016/Clips/Deceptive/trial_lie_025.mp4,Real-life_Deception_Detection_2016/Transcription/Deceptive/trial_lie_025.txt,4727507,e3949aaa,
michigan_deception,trial_lie_026,real_life_deception,https://web.eecs.umich.edu/~mihalcea/downloads.html,No license file in archive or on page; released by the authors for research. Cite Perez-Rosas et al. ICMI 2015.,,,DECEPTIVE,UNKNOWN,datasets/michigan_deception/Clips/Deceptive/trial_lie_026.mp4,datasets/michigan_deception/Transcription/Deceptive/trial_lie_026.txt,,AVAILABLE_AT_SOURCE,,Real-life_Deception_Detection_2016/Clips/Deceptive/trial_lie_026.mp4,Real-life_Deception_Detection_2016/Transcription/Deceptive/trial_lie_026.txt,4335537,1837d725,
michigan_deception,trial_lie_027,real_life_deception,https://web.eecs.umich.edu/~mihalcea/downloads.html,No license file in archive or on page; released by the authors for research. Cite Perez-Rosas et al. ICMI 2015.,,,DECEPTIVE,UNKNOWN,datasets/michigan_deception/Clips/Deceptive/trial_lie_027.mp4,datasets/michigan_deception/Transcription/Deceptive/trial_lie_027.txt,,AVAILABLE_AT_SOURCE,,Real-life_Deception_Detection_2016/Clips/Deceptive/trial_lie_027.mp4,Real-life_Deception_Detection_2016/Transcription/Deceptive/trial_lie_027.txt,4245112,b29f0dd9,
michigan_deception,trial_lie_028,real_life_deception,https://web.eecs.umich.edu/~mihalcea/downloads.html,No license file in archive or on page; released by the authors for research. Cite Perez-Rosas et al. ICMI 2015.,,,DECEPTIVE,UNKNOWN,datasets/michigan_deception/Clips/Deceptive/trial_lie_028.mp4,datasets/michigan_deception/Transcription/Deceptive/trial_lie_028.txt,,AVAILABLE_AT_SOURCE,,Real-life_Deception_Detection_2016/Clips/Deceptive/trial_lie_028.mp4,Real-life_Deception_Detection_2016/Transcription/Deceptive/trial_lie_028.txt,3892664,c90ce344,
michigan_deception,trial_lie_029,real_life_deception,https://web.eecs.umich.edu/~mihalcea/downloads.html,No license file in archive or on page; released by the authors for research. Cite Perez-Rosas et al. ICMI 2015.,,,DECEPTIVE,UNKNOWN,datasets/michigan_deception/Clips/Deceptive/trial_lie_029.mp4,datasets/michigan_deception/Transcription/Deceptive/trial_lie_029.txt,,AVAILABLE_AT_SOURCE,,Real-life_Deception_Detection_2016/Clips/Deceptive/trial_lie_029.mp4,Real-life_Deception_Detection_2016/Transcription/Deceptive/trial_lie_029.txt,3250840,f4eda7c0,
michigan_deception,trial_lie_030,real_life_deception,https://web.eecs.umich.edu/~mihalcea/downloads.html,No license file in archive or on page; released by the authors for research. Cite Perez-Rosas et al. ICMI 2015.,,,DECEPTIVE,UNKNOWN,datasets/michigan_deception/Clips/Deceptive/trial_lie_030.mp4,datasets/michigan_deception/Transcription/Deceptive/trial_lie_030.txt,,AVAILABLE_AT_SOURCE,,Real-life_Deception_Detection_2016/Clips/Deceptive/trial_lie_030.mp4,Real-life_Deception_Detection_2016/Transcription/Deceptive/trial_lie_030.txt,5967005,6c9150ea,
michigan_deception,trial_lie_031,real_life_deception,https://web.eecs.umich.edu/~mihalcea/downloads.html,No license file in archive or on page; released by the authors for research. Cite Perez-Rosas et al. ICMI 2015.,,,DECEPTIVE,UNKNOWN,datasets/michigan_deception/Clips/Deceptive/trial_lie_031.mp4,datasets/michigan_deception/Transcription/Deceptive/trial_lie_031.txt,,AVAILABLE_AT_SOURCE,,Real-life_Deception_Detection_2016/Clips/Deceptive/trial_lie_031.mp4,Real-life_Deception_Detection_2016/Transcription/Deceptive/trial_lie_031.txt,4285310,5d2ab451,
michigan_deception,trial_lie_032,real_life_deception,https://web.eecs.umich.edu/~mihalcea/downloads.html,No license file in archive or on page; released by the authors for research. Cite Perez-Rosas et al. ICMI 2015.,,,DECEPTIVE,UNKNOWN,datasets/michigan_deception/Clips/Deceptive/trial_lie_032.mp4,datasets/michigan_deception/Transcription/Deceptive/trial_lie_032.txt,,AVAILABLE_AT_SOURCE,,Real-life_Deception_Detection_2016/Clips/Deceptive/trial_lie_032.mp4,Real-life_Deception_Detection_2016/Transcription/Deceptive/trial_lie_032.txt,1994843,9c4f50ab,
michigan_deception,trial_lie_033,real_life_deception,https://web.eecs.umich.edu/~mihalcea/downloads.html,No license file in archive or on page; released by the authors for research. Cite Perez-Rosas et al. ICMI 2015.,,,DECEPTIVE,UNKNOWN,datasets/michigan_deception/Clips/Deceptive/trial_lie_033.mp4,datasets/michigan_deception/Transcription/Deceptive/trial_lie_033.txt,,AVAILABLE_AT_SOURCE,,Real-life_Deception_Detection_2016/Clips/Deceptive/trial_lie_033.mp4,Real-life_Deception_Detection_2016/Transcription/Deceptive/trial_lie_033.txt,3503655,612c2515,
michigan_deception,trial_lie_034,real_life_deception,https://web.eecs.umich.edu/~mihalcea/downloads.html,No license file in archive or on page; released by the authors for research. Cite Perez-Rosas et al. ICMI 2015.,,,DECEPTIVE,UNKNOWN,datasets/michigan_deception/Clips/Deceptive/trial_lie_034.mp4,datasets/michigan_deception/Transcription/Deceptive/trial_lie_034.txt,,AVAILABLE_AT_SOURCE,,Real-life_Deception_Detection_2016/Clips/Deceptive/trial_lie_034.mp4,Real-life_Deception_Detection_2016/Transcription/Deceptive/trial_lie_034.txt,2981361,527c756b,
michigan_deception,trial_lie_035,real_life_deception,https://web.eecs.umich.edu/~mihalcea/downloads.html,No license file in archive or on page; released by the authors for research. Cite Perez-Rosas et al. ICMI 2015.,,,DECEPTIVE,UNKNOWN,datasets/michigan_deception/Clips/Deceptive/trial_lie_035.mp4,datasets/michigan_deception/Transcription/Deceptive/trial_lie_035.txt,,AVAILABLE_AT_SOURCE,,Real-life_Deception_Detection_2016/Clips/Deceptive/trial_lie_035.mp4,Real-life_Deception_Detection_2016/Transcription/Deceptive/trial_lie_035.txt,1572551,374535d6,
michigan_deception,trial_lie_036,real_life_deception,https://web.eecs.umich.edu/~mihalcea/downloads.html,No license file in archive or on page; released by the authors for research. Cite Perez-Rosas et al. ICMI 2015.,,,DECEPTIVE,UNKNOWN,datasets/michigan_deception/Clips/Deceptive/trial_lie_036.mp4,datasets/michigan_deception/Transcription/Deceptive/trial_lie_036.txt,,AVAILABLE_AT_SOURCE,,Real-life_Deception_Detection_2016/Clips/Deceptive/trial_lie_036.mp4,Real-life_Deception_Detection_2016/Transcription/Deceptive/trial_lie_036.txt,1522157,0d14d150,
michigan_deception,trial_lie_037,real_life_deception,https://web.eecs.umich.edu/~mihalcea/downloads.html,No license file in archive or on page; released by the authors for research. Cite Perez-Rosas et al. ICMI 2015.,,,DECEPTIVE,UNKNOWN,datasets/michigan_deception/Clips/Deceptive/trial_lie_037.mp4,datasets/michigan_deception/Transcription/Deceptive/trial_lie_037.txt,,AVAILABLE_AT_SOURCE,,Real-life_Deception_Detection_2016/Clips/Deceptive/trial_lie_037.mp4,Real-life_Deception_Detection_2016/Transcription/Deceptive/trial_lie_037.txt,774956,dcf7358a,
michigan_deception,trial_lie_038,real_life_deception,https://web.eecs.umich.edu/~mihalcea/downloads.html,No license file in archive or on page; released by the authors for research. Cite Perez-Rosas et al. ICMI 2015.,,,DECEPTIVE,UNKNOWN,datasets/michigan_deception/Clips/Deceptive/trial_lie_038.mp4,datasets/michigan_deception/Transcription/Deceptive/trial_lie_038.txt,,AVAILABLE_AT_SOURCE,,Real-life_Deception_Detection_2016/Clips/Deceptive/trial_lie_038.mp4,Real-life_Deception_Detection_2016/Transcription/Deceptive/trial_lie_038.txt,593445,8361d29c,
michigan_deception,trial_lie_039,real_life_deception,https://web.eecs.umich.edu/~mihalcea/downloads.html,No license file in archive or on page; released by the authors for research. Cite Perez-Rosas et al. ICMI 2015.,,,DECEPTIVE,UNKNOWN,datasets/michigan_deception/Clips/Deceptive/trial_lie_039.mp4,datasets/michigan_deception/Transcription/Deceptive/trial_lie_039.txt,,AVAILABLE_AT_SOURCE,,Real-life_Deception_Detection_2016/Clips/Deceptive/trial_lie_039.mp4,Real-life_Deception_Detection_2016/Transcription/Deceptive/trial_lie_039.txt,851907,b38e852e,
michigan_deception,trial_lie_040,real_life_deception,https://web.eecs.umich.edu/~mihalcea/downloads.html,No license file in archive or on page; released by the authors for research. Cite Perez-Rosas et al. ICMI 2015.,,,DECEPTIVE,UNKNOWN,datasets/michigan_deception/Clips/Deceptive/trial_lie_040.mp4,datasets/michigan_deception/Transcription/Deceptive/trial_lie_040.txt,,AVAILABLE_AT_SOURCE,,Real-life_Deception_Detection_2016/Clips/Deceptive/trial_lie_040.mp4,Real-life_Deception_Detection_2016/Transcription/Deceptive/trial_lie_040.txt,678365,91aa42b0,
michigan_deception,trial_lie_041,real_life_deception,https://web.eecs.umich.edu/~mihalcea/downloads.html,No license file in archive or on page; released by the authors for research. Cite Perez-Rosas et al. ICMI 2015.,,,DECEPTIVE,UNKNOWN,datasets/michigan_deception/Clips/Deceptive/trial_lie_041.mp4,datasets/michigan_deception/Transcription/Deceptive/trial_lie_041.txt,,AVAILABLE_AT_SOURCE,,Real-life_Deception_Detection_2016/Clips/Deceptive/trial_lie_041.mp4,Real-life_Deception_Detection_2016/Transcription/Deceptive/trial_lie_041.txt,1137750,c448bf1d,
michigan_deception,trial_lie_042,real_life_deception,https://web.eecs.umich.edu/~mihalcea/downloads.html,No license file in archive or on page; released by the authors for research. Cite Perez-Rosas et al. ICMI 2015.,,,DECEPTIVE,UNKNOWN,datasets/michigan_deception/Clips/Deceptive/trial_lie_042.mp4,datasets/michigan_deception/Transcription/Deceptive/trial_lie_042.txt,,AVAILABLE_AT_SOURCE,,Real-life_Deception_Detection_2016/Clips/Deceptive/trial_lie_042.mp4,Real-life_Deception_Detection_2016/Transcription/Deceptive/trial_lie_042.txt,718245,d585280a,
michigan_deception,trial_lie_043,real_life_deception,https://web.eecs.umich.edu/~mihalcea/downloads.html,No license file in archive or on page; released by the authors for research. Cite Perez-Rosas et al. ICMI 2015.,,,DECEPTIVE,UNKNOWN,datasets/michigan_deception/Clips/Deceptive/trial_lie_043.mp4,datasets/michigan_deception/Transcription/Deceptive/trial_lie_043.txt,,AVAILABLE_AT_SOURCE,,Real-life_Deception_Detection_2016/Clips/Deceptive/trial_lie_043.mp4,Real-life_Deception_Detection_2016/Transcription/Deceptive/trial_lie_043.txt,2328658,b855299c,
michigan_deception,trial_lie_044,real_life_deception,https://web.eecs.umich.edu/~mihalcea/downloads.html,No license file in archive or on page; released by the authors for research. Cite Perez-Rosas et al. ICMI 2015.,,,DECEPTIVE,UNKNOWN,datasets/michigan_deception/Clips/Deceptive/trial_lie_044.mp4,datasets/michigan_deception/Transcription/Deceptive/trial_lie_044.txt,,AVAILABLE_AT_SOURCE,,Real-life_Deception_Detection_2016/Clips/Deceptive/trial_lie_044.mp4,Real-life_Deception_Detection_2016/Transcription/Deceptive/trial_lie_044.txt,452319,ebea1e53,
michigan_deception,trial_lie_045,real_life_deception,https://web.eecs.umich.edu/~mihalcea/downloads.html,No license file in archive or on page; released by the authors for research. Cite Perez-Rosas et al. ICMI 2015.,,,DECEPTIVE,UNKNOWN,datasets/michigan_deception/Clips/Deceptive/trial_lie_045.mp4,datasets/michigan_deception/Transcription/Deceptive/trial_lie_045.txt,,AVAILABLE_AT_SOURCE,,Real-life_Deception_Detection_2016/Clips/Deceptive/trial_lie_045.mp4,Real-life_Deception_Detection_2016/Transcription/Deceptive/trial_lie_045.txt,796424,12733f08,
michigan_deception,trial_lie_046,real_life_deception,https://web.eecs.umich.edu/~mihalcea/downloads.html,No license file in archive or on page; released by the authors for research. Cite Perez-Rosas et al. ICMI 2015.,,,DECEPTIVE,UNKNOWN,datasets/michigan_deception/Clips/Deceptive/trial_lie_046.mp4,datasets/michigan_deception/Transcription/Deceptive/trial_lie_046.txt,,AVAILABLE_AT_SOURCE,,Real-life_Deception_Detection_2016/Clips/Deceptive/trial_lie_046.mp4,Real-life_Deception_Detection_2016/Transcription/Deceptive/trial_lie_046.txt,1500017,a572a1c5,
michigan_deception,trial_lie_047,real_life_deception,https://web.eecs.umich.edu/~mihalcea/downloads.html,No license file in archive or on page; released by the authors for research. Cite Perez-Rosas et al. ICMI 2015.,,,DECEPTIVE,UNKNOWN,datasets/michigan_deception/Clips/Deceptive/trial_lie_047.mp4,datasets/michigan_deception/Transcription/Deceptive/trial_lie_047.txt,,AVAILABLE_AT_SOURCE,,Real-life_Deception_Detection_2016/Clips/Deceptive/trial_lie_047.mp4,Real-life_Deception_Detection_2016/Transcription/Deceptive/trial_lie_047.txt,687561,7a154a16,
michigan_deception,trial_lie_048,real_life_deception,https://web.eecs.umich.edu/~mihalcea/downloads.html,No license file in archive or on page; released by the authors for research. Cite Perez-Rosas et al. ICMI 2015.,,,DECEPTIVE,UNKNOWN,datasets/michigan_deception/Clips/Deceptive/trial_lie_048.mp4,datasets/michigan_deception/Transcription/Deceptive/trial_lie_048.txt,,AVAILABLE_AT_SOURCE,,Real-life_Deception_Detection_2016/Clips/Deceptive/trial_lie_048.mp4,Real-life_Deception_Detection_2016/Transcription/Deceptive/trial_lie_048.txt,2000513,bda763c5,
michigan_deception,trial_lie_049,real_life_deception,https://web.eecs.umich.edu/~mihalcea/downloads.html,No license file in archive or on page; released by the authors for research. Cite Perez-Rosas et al. ICMI 2015.,,,DECEPTIVE,UNKNOWN,datasets/michigan_deception/Clips/Deceptive/trial_lie_049.mp4,datasets/michigan_deception/Transcription/Deceptive/trial_lie_049.txt,,AVAILABLE_AT_SOURCE,,Real-life_Deception_Detection_2016/Clips/Deceptive/trial_lie_049.mp4,Real-life_Deception_Detection_2016/Transcription/Deceptive/trial_lie_049.txt,908023,f3cca5a1,
michigan_deception,trial_lie_050,real_life_deception,https://web.eecs.umich.edu/~mihalcea/downloads.html,No license file in archive or on page; released by the authors for research. Cite Perez-Rosas et al. ICMI 2015.,,,DECEPTIVE,UNKNOWN,datasets/michigan_deception/Clips/Deceptive/trial_lie_050.mp4,datasets/michigan_deception/Transcription/Deceptive/trial_lie_050.txt,,AVAILABLE_AT_SOURCE,,Real-life_Deception_Detection_2016/Clips/Deceptive/trial_lie_050.mp4,Real-life_Deception_Detection_2016/Transcription/Deceptive/trial_lie_050.txt,897622,162f8946,
michigan_deception,trial_lie_051,real_life_deception,https://web.eecs.umich.edu/~mihalcea/downloads.html,No license file in archive or on page; released by the authors for research. Cite Perez-Rosas et al. ICMI 2015.,,,DECEPTIVE,UNKNOWN,datasets/michigan_deception/Clips/Deceptive/trial_lie_051.mp4,datasets/michigan_deception/Transcription/Deceptive/trial_lie_051.txt,,AVAILABLE_AT_SOURCE,,Real-life_Deception_Detection_2016/Clips/Deceptive/trial_lie_051.mp4,Real-life_Deception_Detection_2016/Transcription/Deceptive/trial_lie_051.txt,426386,2c483f80,
michigan_deception,trial_lie_052,real_life_deception,https://web.eecs.umich.edu/~mihalcea/downloads.html,No license file in archive or on page; released by the authors for research. Cite Perez-Rosas et al. ICMI 2015.,,,DECEPTIVE,UNKNOWN,datasets/michigan_deception/Clips/Deceptive/trial_lie_052.mp4,datasets/michigan_deception/Transcription/Deceptive/trial_lie_052.txt,,AVAILABLE_AT_SOURCE,,Real-life_Deception_Detection_2016/Clips/Deceptive/trial_lie_052.mp4,Real-life_Deception_Detection_2016/Transcription/Deceptive/trial_lie_052.txt,1549040,338dfc02,
michigan_deception,trial_lie_053,real_life_deception,https://web.eecs.umich.edu/~mihalcea/downloads.html,No license file in archive or on page; released by the authors for research. Cite Perez-Rosas et al. ICMI 2015.,,,DECEPTIVE,UNKNOWN,datasets/michigan_deception/Clips/Deceptive/trial_lie_053.mp4,datasets/michigan_deception/Transcription/Deceptive/trial_lie_053.txt,,AVAILABLE_AT_SOURCE,,Real-life_Deception_Detection_2016/Clips/Deceptive/trial_lie_053.mp4,Real-life_Deception_Detection_2016/Transcription/Deceptive/trial_lie_053.txt,1387728,b3c3dcd2,
michigan_deception,trial_lie_054,real_life_deception,https://web.eecs.umich.edu/~mihalcea/downloads.html,No license file in archive or on page; released by the authors for research. Cite Perez-Rosas et al. ICMI 2015.,,,DECEPTIVE,UNKNOWN,datasets/michigan_deception/Clips/Deceptive/trial_lie_054.mp4,datasets/michigan_deception/Transcription/Deceptive/trial_lie_054.txt,,AVAILABLE_AT_SOURCE,,Real-life_Deception_Detection_2016/Clips/Deceptive/trial_lie_054.mp4,Real-life_Deception_Detection_2016/Transcription/Deceptive/trial_lie_054.txt,824110,f7a03159,
michigan_deception,trial_lie_055,real_life_deception,https://web.eecs.umich.edu/~mihalcea/downloads.html,No license file in archive or on page; released by the authors for research. Cite Perez-Rosas et al. ICMI 2015.,,,DECEPTIVE,UNKNOWN,datasets/michigan_deception/Clips/Deceptive/trial_lie_055.mp4,datasets/michigan_deception/Transcription/Deceptive/trial_lie_055.txt,,AVAILABLE_AT_SOURCE,,Real-life_Deception_Detection_2016/Clips/Deceptive/trial_lie_055.mp4,Real-life_Deception_Detection_2016/Transcription/Deceptive/trial_lie_055.txt,1309205,b536d246,
michigan_deception,trial_lie_056,real_life_deception,https://web.eecs.umich.edu/~mihalcea/downloads.html,No license file in archive or on page; released by the authors for research. Cite Perez-Rosas et al. ICMI 2015.,,,DECEPTIVE,UNKNOWN,datasets/michigan_deception/Clips/Deceptive/trial_lie_056.mp4,datasets/michigan_deception/Transcription/Deceptive/trial_lie_056.txt,,AVAILABLE_AT_SOURCE,,Real-life_Deception_Detection_2016/Clips/Deceptive/trial_lie_056.mp4,Real-life_Deception_Detection_2016/Transcription/Deceptive/trial_lie_056.txt,1267538,c701ca66,
michigan_deception,trial_lie_057,real_life_deception,https://web.eecs.umich.edu/~mihalcea/downloads.html,No license file in archive or on page; released by the authors for research. Cite Perez-Rosas et al. ICMI 2015.,,,DECEPTIVE,UNKNOWN,datasets/michigan_deception/Clips/Deceptive/trial_lie_057.mp4,datasets/michigan_deception/Transcription/Deceptive/trial_lie_057.txt,,AVAILABLE_AT_SOURCE,,Real-life_Deception_Detection_2016/Clips/Deceptive/trial_lie_057.mp4,Real-life_Deception_Detection_2016/Transcription/Deceptive/trial_lie_057.txt,894114,e8019b79,
michigan_deception,trial_lie_058,real_life_deception,https://web.eecs.umich.edu/~mihalcea/downloads.html,No license file in archive or on page; released by the authors for research. Cite Perez-Rosas et al. ICMI 2015.,,,DECEPTIVE,UNKNOWN,datasets/michigan_deception/Clips/Deceptive/trial_lie_058.mp4,datasets/michigan_deception/Transcription/Deceptive/trial_lie_058.txt,,AVAILABLE_AT_SOURCE,,Real-life_Deception_Detection_2016/Clips/Deceptive/trial_lie_058.mp4,Real-life_Deception_Detection_2016/Transcription/Deceptive/trial_lie_058.txt,905695,5993d3ef,
michigan_deception,trial_lie_059,real_life_deception,https://web.eecs.umich.edu/~mihalcea/downloads.html,No license file in archive or on page; released by the authors for research. Cite Perez-Rosas et al. ICMI 2015.,,,DECEPTIVE,UNKNOWN,datasets/michigan_deception/Clips/Deceptive/trial_lie_059.mp4,datasets/michigan_deception/Transcription/Deceptive/trial_lie_059.txt,,AVAILABLE_AT_SOURCE,,Real-life_Deception_Detection_2016/Clips/Deceptive/trial_lie_059.mp4,Real-life_Deception_Detection_2016/Transcription/Deceptive/trial_lie_059.txt,1119018,7f5acf22,
michigan_deception,trial_lie_060,real_life_deception,https://web.eecs.umich.edu/~mihalcea/downloads.html,No license file in archive or on page; released by the authors for research. Cite Perez-Rosas et al. ICMI 2015.,,,DECEPTIVE,UNKNOWN,datasets/michigan_deception/Clips/Deceptive/trial_lie_060.mp4,datasets/michigan_deception/Transcription/Deceptive/trial_lie_060.txt,,AVAILABLE_AT_SOURCE,,Real-life_Deception_Detection_2016/Clips/Deceptive/trial_lie_060.mp4,Real-life_Deception_Detection_2016/Transcription/Deceptive/trial_lie_060.txt,1758337,1a80b071,
michigan_deception,trial_lie_061,real_life_deception,https://web.eecs.umich.edu/~mihalcea/downloads.html,No license file in archive or on page; released by the authors for research. Cite Perez-Rosas et al. ICMI 2015.,,,DECEPTIVE,UNKNOWN,datasets/michigan_deception/Clips/Deceptive/trial_lie_061.mp4,datasets/michigan_deception/Transcription/Deceptive/trial_lie_061.txt,,AVAILABLE_AT_SOURCE,,Real-life_Deception_Detection_2016/Clips/Deceptive/trial_lie_061.mp4,Real-life_Deception_Detection_2016/Transcription/Deceptive/trial_lie_061.txt,1485858,ca9c3e8a,
michigan_deception,trial_truth_001,real_life_deception,https://web.eecs.umich.edu/~mihalcea/downloads.html,No license file in archive or on page; released by the authors for research. Cite Perez-Rosas et al. ICMI 2015.,,,TRUTHFUL,UNKNOWN,datasets/michigan_deception/Clips/Truthful/trial_truth_001.mp4,datasets/michigan_deception/Transcription/Truthful/trial_truth_001.txt,,AVAILABLE_AT_SOURCE,,Real-life_Deception_Detection_2016/Clips/Truthful/trial_truth_001.mp4,Real-life_Deception_Detection_2016/Transcription/Truthful/trial_truth_001.txt,556006,b6f48466,
michigan_deception,trial_truth_002,real_life_deception,https://web.eecs.umich.edu/~mihalcea/downloads.html,No license file in archive or on page; released by the authors for research. Cite Perez-Rosas et al. ICMI 2015.,,,TRUTHFUL,UNKNOWN,datasets/michigan_deception/Clips/Truthful/trial_truth_002.mp4,datasets/michigan_deception/Transcription/Truthful/trial_truth_002.txt,,AVAILABLE_AT_SOURCE,,Real-life_Deception_Detection_2016/Clips/Truthful/trial_truth_002.mp4,Real-life_Deception_Detection_2016/Transcription/Truthful/trial_truth_002.txt,1348473,0c82fb99,
michigan_deception,trial_truth_003,real_life_deception,https://web.eecs.umich.edu/~mihalcea/downloads.html,No license file in archive or on page; released by the authors for research. Cite Perez-Rosas et al. ICMI 2015.,,,TRUTHFUL,UNKNOWN,datasets/michigan_deception/Clips/Truthful/trial_truth_003.mp4,datasets/michigan_deception/Transcription/Truthful/trial_truth_003.txt,,AVAILABLE_AT_SOURCE,,Real-life_Deception_Detection_2016/Clips/Truthful/trial_truth_003.mp4,Real-life_Deception_Detection_2016/Transcription/Truthful/trial_truth_003.txt,1705024,e8985cfe,
michigan_deception,trial_truth_004,real_life_deception,https://web.eecs.umich.edu/~mihalcea/downloads.html,No license file in archive or on page; released by the authors for research. Cite Perez-Rosas et al. ICMI 2015.,,,TRUTHFUL,UNKNOWN,datasets/michigan_deception/Clips/Truthful/trial_truth_004.mp4,datasets/michigan_deception/Transcription/Truthful/trial_truth_004.txt,,AVAILABLE_AT_SOURCE,,Real-life_Deception_Detection_2016/Clips/Truthful/trial_truth_004.mp4,Real-life_Deception_Detection_2016/Transcription/Truthful/trial_truth_004.txt,12224496,06a8fe9c,
michigan_deception,trial_truth_005,real_life_deception,https://web.eecs.umich.edu/~mihalcea/downloads.html,No license file in archive or on page; released by the authors for research. Cite Perez-Rosas et al. ICMI 2015.,,,TRUTHFUL,UNKNOWN,datasets/michigan_deception/Clips/Truthful/trial_truth_005.mp4,datasets/michigan_deception/Transcription/Truthful/trial_truth_005.txt,,AVAILABLE_AT_SOURCE,,Real-life_Deception_Detection_2016/Clips/Truthful/trial_truth_005.mp4,Real-life_Deception_Detection_2016/Transcription/Truthful/trial_truth_005.txt,4834048,f5597a11,
michigan_deception,trial_truth_006,real_life_deception,https://web.eecs.umich.edu/~mihalcea/downloads.html,No license file in archive or on page; released by the authors for research. Cite Perez-Rosas et al. ICMI 2015.,,,TRUTHFUL,UNKNOWN,datasets/michigan_deception/Clips/Truthful/trial_truth_006.mp4,datasets/michigan_deception/Transcription/Truthful/trial_truth_006.txt,,AVAILABLE_AT_SOURCE,,Real-life_Deception_Detection_2016/Clips/Truthful/trial_truth_006.mp4,Real-life_Deception_Detection_2016/Transcription/Truthful/trial_truth_006.txt,3881685,24943392,
michigan_deception,trial_truth_007,real_life_deception,https://web.eecs.umich.edu/~mihalcea/downloads.html,No license file in archive or on page; released by the authors for research. Cite Perez-Rosas et al. ICMI 2015.,,,TRUTHFUL,UNKNOWN,datasets/michigan_deception/Clips/Truthful/trial_truth_007.mp4,datasets/michigan_deception/Transcription/Truthful/trial_truth_007.txt,,AVAILABLE_AT_SOURCE,,Real-life_Deception_Detection_2016/Clips/Truthful/trial_truth_007.mp4,Real-life_Deception_Detection_2016/Transcription/Truthful/trial_truth_007.txt,9604235,6c25caae,
michigan_deception,trial_truth_008,real_life_deception,https://web.eecs.umich.edu/~mihalcea/downloads.html,No license file in archive or on page; released by the authors for research. Cite Perez-Rosas et al. ICMI 2015.,,,TRUTHFUL,UNKNOWN,datasets/michigan_deception/Clips/Truthful/trial_truth_008.mp4,datasets/michigan_deception/Transcription/Truthful/trial_truth_008.txt,,AVAILABLE_AT_SOURCE,,Real-life_Deception_Detection_2016/Clips/Truthful/trial_truth_008.mp4,Real-life_Deception_Detection_2016/Transcription/Truthful/trial_truth_008.txt,2175465,da132273,
michigan_deception,trial_truth_009,real_life_deception,https://web.eecs.umich.edu/~mihalcea/downloads.html,No license file in archive or on page; released by the authors for research. Cite Perez-Rosas et al. ICMI 2015.,,,TRUTHFUL,UNKNOWN,datasets/michigan_deception/Clips/Truthful/trial_truth_009.mp4,datasets/michigan_deception/Transcription/Truthful/trial_truth_009.txt,,AVAILABLE_AT_SOURCE,,Real-life_Deception_Detection_2016/Clips/Truthful/trial_truth_009.mp4,Real-life_Deception_Detection_2016/Transcription/Truthful/trial_truth_009.txt,1080101,8e2d699a,
michigan_deception,trial_truth_010,real_life_deception,https://web.eecs.umich.edu/~mihalcea/downloads.html,No license file in archive or on page; released by the authors for research. Cite Perez-Rosas et al. ICMI 2015.,,,TRUTHFUL,UNKNOWN,datasets/michigan_deception/Clips/Truthful/trial_truth_010.mp4,datasets/michigan_deception/Transcription/Truthful/trial_truth_010.txt,,AVAILABLE_AT_SOURCE,,Real-life_Deception_Detection_2016/Clips/Truthful/trial_truth_010.mp4,Real-life_Deception_Detection_2016/Transcription/Truthful/trial_truth_010.txt,3268652,3dddc553,
michigan_deception,trial_truth_011,real_life_deception,https://web.eecs.umich.edu/~mihalcea/downloads.html,No license file in archive or on page; released by the authors for research. Cite Perez-Rosas et al. ICMI 2015.,,,TRUTHFUL,UNKNOWN,datasets/michigan_deception/Clips/Truthful/trial_truth_011.mp4,datasets/michigan_deception/Transcription/Truthful/trial_truth_011.txt,,AVAILABLE_AT_SOURCE,,Real-life_Deception_Detection_2016/Clips/Truthful/trial_truth_011.mp4,Real-life_Deception_Detection_2016/Transcription/Truthful/trial_truth_011.txt,1827391,b4205c11,
michigan_deception,trial_truth_012,real_life_deception,https://web.eecs.umich.edu/~mihalcea/downloads.html,No license file in archive or on page; released by the authors for research. Cite Perez-Rosas et al. ICMI 2015.,,,TRUTHFUL,UNKNOWN,datasets/michigan_deception/Clips/Truthful/trial_truth_012.mp4,datasets/michigan_deception/Transcription/Truthful/trial_truth_012.txt,,AVAILABLE_AT_SOURCE,,Real-life_Deception_Detection_2016/Clips/Truthful/trial_truth_012.mp4,Real-life_Deception_Detection_2016/Transcription/Truthful/trial_truth_012.txt,1231252,4b5102bb,
michigan_deception,trial_truth_013,real_life_deception,https://web.eecs.umich.edu/~mihalcea/downloads.html,No license file in archive or on page; released by the authors for research. Cite Perez-Rosas et al. ICMI 2015.,,,TRUTHFUL,UNKNOWN,datasets/michigan_deception/Clips/Truthful/trial_truth_013.mp4,datasets/michigan_deception/Transcription/Truthful/trial_truth_013.txt,,AVAILABLE_AT_SOURCE,,Real-life_Deception_Detection_2016/Clips/Truthful/trial_truth_013.mp4,Real-life_Deception_Detection_2016/Transcription/Truthful/trial_truth_013.txt,1242281,0d091824,
michigan_deception,trial_truth_014,real_life_deception,https://web.eecs.umich.edu/~mihalcea/downloads.html,No license file in archive or on page; released by the authors for research. Cite Perez-Rosas et al. ICMI 2015.,,,TRUTHFUL,UNKNOWN,datasets/michigan_deception/Clips/Truthful/trial_truth_014.mp4,datasets/michigan_deception/Transcription/Truthful/trial_truth_014.txt,,AVAILABLE_AT_SOURCE,,Real-life_Deception_Detection_2016/Clips/Truthful/trial_truth_014.mp4,Real-life_Deception_Detection_2016/Transcription/Truthful/trial_truth_014.txt,637724,4f0c57dd,
michigan_deception,trial_truth_015,real_life_deception,https://web.eecs.umich.edu/~mihalcea/downloads.html,No license file in archive or on page; released by the authors for research. Cite Perez-Rosas et al. ICMI 2015.,,,TRUTHFUL,UNKNOWN,datasets/michigan_deception/Clips/Truthful/trial_truth_015.mp4,datasets/michigan_deception/Transcription/Truthful/trial_truth_015.txt,,AVAILABLE_AT_SOURCE,,Real-life_Deception_Detection_2016/Clips/Truthful/trial_truth_015.mp4,Real-life_Deception_Detection_2016/Transcription/Truthful/trial_truth_015.txt,1666405,084f6cf2,
michigan_deception,trial_truth_016,real_life_deception,https://web.eecs.umich.edu/~mihalcea/downloads.html,No license file in archive or on page; released by the authors for research. Cite Perez-Rosas et al. ICMI 2015.,,,TRUTHFUL,UNKNOWN,datasets/michigan_deception/Clips/Truthful/trial_truth_016.mp4,datasets/michigan_deception/Transcription/Truthful/trial_truth_016.txt,,AVAILABLE_AT_SOURCE,,Real-life_Deception_Detection_2016/Clips/Truthful/trial_truth_016.mp4,Real-life_Deception_Detection_2016/Transcription/Truthful/trial_truth_016.txt,778487,cf7a9038,
michigan_deception,trial_truth_017,real_life_deception,https://web.eecs.umich.edu/~mihalcea/downloads.html,No license file in archive or on page; released by the authors for research. Cite Perez-Rosas et al. ICMI 2015.,,,TRUTHFUL,UNKNOWN,datasets/michigan_deception/Clips/Truthful/trial_truth_017.mp4,datasets/michigan_deception/Transcription/Truthful/trial_truth_017.txt,,AVAILABLE_AT_SOURCE,,Real-life_Deception_Detection_2016/Clips/Truthful/trial_truth_017.mp4,Real-life_Deception_Detection_2016/Transcription/Truthful/trial_truth_017.txt,486870,50e9134d,
michigan_deception,trial_truth_018,real_life_deception,https://web.eecs.umich.edu/~mihalcea/downloads.html,No license file in archive or on page; released by the authors for research. Cite Perez-Rosas et al. ICMI 2015.,,,TRUTHFUL,UNKNOWN,datasets/michigan_deception/Clips/Truthful/trial_truth_018.mp4,datasets/michigan_deception/Transcription/Truthful/trial_truth_018.txt,,AVAILABLE_AT_SOURCE,,Real-life_Deception_Detection_2016/Clips/Truthful/trial_truth_018.mp4,Real-life_Deception_Detection_2016/Transcription/Truthful/trial_truth_018.txt,756568,e6872ffa,
michigan_deception,trial_truth_019,real_life_deception,https://web.eecs.umich.edu/~mihalcea/downloads.html,No license file in archive or on page; released by the authors for research. Cite Perez-Rosas et al. ICMI 2015.,,,TRUTHFUL,UNKNOWN,datasets/michigan_deception/Clips/Truthful/trial_truth_019.mp4,datasets/michigan_deception/Transcription/Truthful/trial_truth_019.txt,,AVAILABLE_AT_SOURCE,,Real-life_Deception_Detection_2016/Clips/Truthful/trial_truth_019.mp4,Real-life_Deception_Detection_2016/Transcription/Truthful/trial_truth_019.txt,1466309,42306cdb,
michigan_deception,trial_truth_020,real_life_deception,https://web.eecs.umich.edu/~mihalcea/downloads.html,No license file in archive or on page; released by the authors for research. Cite Perez-Rosas et al. ICMI 2015.,,,TRUTHFUL,UNKNOWN,datasets/michigan_deception/Clips/Truthful/trial_truth_020.mp4,datasets/michigan_deception/Transcription/Truthful/trial_truth_020.txt,,AVAILABLE_AT_SOURCE,,Real-life_Deception_Detection_2016/Clips/Truthful/trial_truth_020.mp4,Real-life_Deception_Detection_2016/Transcription/Truthful/trial_truth_020.txt,727712,abaf5e82,
michigan_deception,trial_truth_021,real_life_deception,https://web.eecs.umich.edu/~mihalcea/downloads.html,No license file in archive or on page; released by the authors for research. Cite Perez-Rosas et al. ICMI 2015.,,,TRUTHFUL,UNKNOWN,datasets/michigan_deception/Clips/Truthful/trial_truth_021.mp4,datasets/michigan_deception/Transcription/Truthful/trial_truth_021.txt,,AVAILABLE_AT_SOURCE,,Real-life_Deception_Detection_2016/Clips/Truthful/trial_truth_021.mp4,Real-life_Deception_Detection_2016/Transcription/Truthful/trial_truth_021.txt,3615702,1bc5738f,
michigan_deception,trial_truth_022,real_life_deception,https://web.eecs.umich.edu/~mihalcea/downloads.html,No license file in archive or on page; released by the authors for research. Cite Perez-Rosas et al. ICMI 2015.,,,TRUTHFUL,UNKNOWN,datasets/michigan_deception/Clips/Truthful/trial_truth_022.mp4,datasets/michigan_deception/Transcription/Truthful/trial_truth_022.txt,,AVAILABLE_AT_SOURCE,,Real-life_Deception_Detection_2016/Clips/Truthful/trial_truth_022.mp4,Real-life_Deception_Detection_2016/Transcription/Truthful/trial_truth_022.txt,1281088,f5a40cfd,
michigan_deception,trial_truth_023,real_life_deception,https://web.eecs.umich.edu/~mihalcea/downloads.html,No license file in archive or on page; released by the authors for research. Cite Perez-Rosas et al. ICMI 2015.,,,TRUTHFUL,UNKNOWN,datasets/michigan_deception/Clips/Truthful/trial_truth_023.mp4,datasets/michigan_deception/Transcription/Truthful/trial_truth_023.txt,,AVAILABLE_AT_SOURCE,,Real-life_Deception_Detection_2016/Clips/Truthful/trial_truth_023.mp4,Real-life_Deception_Detection_2016/Transcription/Truthful/trial_truth_023.txt,1526184,a151ad53,
michigan_deception,trial_truth_024,real_life_deception,https://web.eecs.umich.edu/~mihalcea/downloads.html,No license file in archive or on page; released by the authors for research. Cite Perez-Rosas et al. ICMI 2015.,,,TRUTHFUL,UNKNOWN,datasets/michigan_deception/Clips/Truthful/trial_truth_024.mp4,datasets/michigan_deception/Transcription/Truthful/trial_truth_024.txt,,AVAILABLE_AT_SOURCE,,Real-life_Deception_Detection_2016/Clips/Truthful/trial_truth_024.mp4,Real-life_Deception_Detection_2016/Transcription/Truthful/trial_truth_024.txt,1120668,274a0bd0,
michigan_deception,trial_truth_025,real_life_deception,https://web.eecs.umich.edu/~mihalcea/downloads.html,No license file in archive or on page; released by the authors for research. Cite Perez-Rosas et al. ICMI 2015.,,,TRUTHFUL,UNKNOWN,datasets/michigan_deception/Clips/Truthful/trial_truth_025.mp4,datasets/michigan_deception/Transcription/Truthful/trial_truth_025.txt,,AVAILABLE_AT_SOURCE,,Real-life_Deception_Detection_2016/Clips/Truthful/trial_truth_025.mp4,Real-life_Deception_Detection_2016/Transcription/Truthful/trial_truth_025.txt,1547772,97e701a6,
michigan_deception,trial_truth_026,real_life_deception,https://web.eecs.umich.edu/~mihalcea/downloads.html,No license file in archive or on page; released by the authors for research. Cite Perez-Rosas et al. ICMI 2015.,,,TRUTHFUL,UNKNOWN,datasets/michigan_deception/Clips/Truthful/trial_truth_026.mp4,datasets/michigan_deception/Transcription/Truthful/trial_truth_026.txt,,AVAILABLE_AT_SOURCE,,Real-life_Deception_Detection_2016/Clips/Truthful/trial_truth_026.mp4,Real-life_Deception_Detection_2016/Transcription/Truthful/trial_truth_026.txt,6257400,c3874f42,
michigan_deception,trial_truth_027,real_life_deception,https://web.eecs.umich.edu/~mihalcea/downloads.html,No license file in archive or on page; released by the authors for research. Cite Perez-Rosas et al. ICMI 2015.,,,TRUTHFUL,UNKNOWN,datasets/michigan_deception/Clips/Truthful/trial_truth_027.mp4,datasets/michigan_deception/Transcription/Truthful/trial_truth_027.txt,,AVAILABLE_AT_SOURCE,,Real-life_Deception_Detection_2016/Clips/Truthful/trial_truth_027.mp4,Real-life_Deception_Detection_2016/Transcription/Truthful/trial_truth_027.txt,681520,1738e6f4,
michigan_deception,trial_truth_028,real_life_deception,https://web.eecs.umich.edu/~mihalcea/downloads.html,No license file in archive or on page; released by the authors for research. Cite Perez-Rosas et al. ICMI 2015.,,,TRUTHFUL,UNKNOWN,datasets/michigan_deception/Clips/Truthful/trial_truth_028.mp4,datasets/michigan_deception/Transcription/Truthful/trial_truth_028.txt,,AVAILABLE_AT_SOURCE,,Real-life_Deception_Detection_2016/Clips/Truthful/trial_truth_028.mp4,Real-life_Deception_Detection_2016/Transcription/Truthful/trial_truth_028.txt,1173890,2f32ff7e,
michigan_deception,trial_truth_029,real_life_deception,https://web.eecs.umich.edu/~mihalcea/downloads.html,No license file in archive or on page; released by the authors for research. Cite Perez-Rosas et al. ICMI 2015.,,,TRUTHFUL,UNKNOWN,datasets/michigan_deception/Clips/Truthful/trial_truth_029.mp4,datasets/michigan_deception/Transcription/Truthful/trial_truth_029.txt,,AVAILABLE_AT_SOURCE,,Real-life_Deception_Detection_2016/Clips/Truthful/trial_truth_029.mp4,Real-life_Deception_Detection_2016/Transcription/Truthful/trial_truth_029.txt,2529790,9f424e97,
michigan_deception,trial_truth_030,real_life_deception,https://web.eecs.umich.edu/~mihalcea/downloads.html,No license file in archive or on page; released by the authors for research. Cite Perez-Rosas et al. ICMI 2015.,,,TRUTHFUL,UNKNOWN,datasets/michigan_deception/Clips/Truthful/trial_truth_030.mp4,datasets/michigan_deception/Transcription/Truthful/trial_truth_030.txt,,AVAILABLE_AT_SOURCE,,Real-life_Deception_Detection_2016/Clips/Truthful/trial_truth_030.mp4,Real-life_Deception_Detection_2016/Transcription/Truthful/trial_truth_030.txt,3499832,4f0953e5,
michigan_deception,trial_truth_031,real_life_deception,https://web.eecs.umich.edu/~mihalcea/downloads.html,No license file in archive or on page; released by the authors for research. Cite Perez-Rosas et al. ICMI 2015.,,,TRUTHFUL,UNKNOWN,datasets/michigan_deception/Clips/Truthful/trial_truth_031.mp4,datasets/michigan_deception/Transcription/Truthful/trial_truth_031.txt,,AVAILABLE_AT_SOURCE,,Real-life_Deception_Detection_2016/Clips/Truthful/trial_truth_031.mp4,Real-life_Deception_Detection_2016/Transcription/Truthful/trial_truth_031.txt,1971786,c05965aa,
michigan_deception,trial_truth_032,real_life_deception,https://web.eecs.umich.edu/~mihalcea/downloads.html,No license file in archive or on page; released by the authors for research. Cite Perez-Rosas et al. ICMI 2015.,,,TRUTHFUL,UNKNOWN,datasets/michigan_deception/Clips/Truthful/trial_truth_032.mp4,datasets/michigan_deception/Transcription/Truthful/trial_truth_032.txt,,AVAILABLE_AT_SOURCE,,Real-life_Deception_Detection_2016/Clips/Truthful/trial_truth_032.mp4,Real-life_Deception_Detection_2016/Transcription/Truthful/trial_truth_032.txt,4227831,6b85062f,
michigan_deception,trial_truth_033,real_life_deception,https://web.eecs.umich.edu/~mihalcea/downloads.html,No license file in archive or on page; released by the authors for research. Cite Perez-Rosas et al. ICMI 2015.,,,TRUTHFUL,UNKNOWN,datasets/michigan_deception/Clips/Truthful/trial_truth_033.mp4,datasets/michigan_deception/Transcription/Truthful/trial_truth_033.txt,,AVAILABLE_AT_SOURCE,,Real-life_Deception_Detection_2016/Clips/Truthful/trial_truth_033.mp4,Real-life_Deception_Detection_2016/Transcription/Truthful/trial_truth_033.txt,1833075,796c436d,
michigan_deception,trial_truth_034,real_life_deception,https://web.eecs.umich.edu/~mihalcea/downloads.html,No license file in archive or on page; released by the authors for research. Cite Perez-Rosas et al. ICMI 2015.,,,TRUTHFUL,UNKNOWN,datasets/michigan_deception/Clips/Truthful/trial_truth_034.mp4,datasets/michigan_deception/Transcription/Truthful/trial_truth_034.txt,,AVAILABLE_AT_SOURCE,,Real-life_Deception_Detection_2016/Clips/Truthful/trial_truth_034.mp4,Real-life_Deception_Detection_2016/Transcription/Truthful/trial_truth_034.txt,3458865,24b5ce0b,
michigan_deception,trial_truth_035,real_life_deception,https://web.eecs.umich.edu/~mihalcea/downloads.html,No license file in archive or on page; released by the authors for research. Cite Perez-Rosas et al. ICMI 2015.,,,TRUTHFUL,UNKNOWN,datasets/michigan_deception/Clips/Truthful/trial_truth_035.mp4,datasets/michigan_deception/Transcription/Truthful/trial_truth_035.txt,,AVAILABLE_AT_SOURCE,,Real-life_Deception_Detection_2016/Clips/Truthful/trial_truth_035.mp4,Real-life_Deception_Detection_2016/Transcription/Truthful/trial_truth_035.txt,3160545,dc2afcb3,
michigan_deception,trial_truth_036,real_life_deception,https://web.eecs.umich.edu/~mihalcea/downloads.html,No license file in archive or on page; released by the authors for research. Cite Perez-Rosas et al. ICMI 2015.,,,TRUTHFUL,UNKNOWN,datasets/michigan_deception/Clips/Truthful/trial_truth_036.mp4,datasets/michigan_deception/Transcription/Truthful/trial_truth_036.txt,,AVAILABLE_AT_SOURCE,,Real-life_Deception_Detection_2016/Clips/Truthful/trial_truth_036.mp4,Real-life_Deception_Detection_2016/Transcription/Truthful/trial_truth_036.txt,3867057,1217bdab,
michigan_deception,trial_truth_037,real_life_deception,https://web.eecs.umich.edu/~mihalcea/downloads.html,No license file in archive or on page; released by the authors for research. Cite Perez-Rosas et al. ICMI 2015.,,,TRUTHFUL,UNKNOWN,datasets/michigan_deception/Clips/Truthful/trial_truth_037.mp4,datasets/michigan_deception/Transcription/Truthful/trial_truth_037.txt,,AVAILABLE_AT_SOURCE,,Real-life_Deception_Detection_2016/Clips/Truthful/trial_truth_037.mp4,Real-life_Deception_Detection_2016/Transcription/Truthful/trial_truth_037.txt,1559768,d5112f8b,
michigan_deception,trial_truth_038,real_life_deception,https://web.eecs.umich.edu/~mihalcea/downloads.html,No license file in archive or on page; released by the authors for research. Cite Perez-Rosas et al. ICMI 2015.,,,TRUTHFUL,UNKNOWN,datasets/michigan_deception/Clips/Truthful/trial_truth_038.mp4,datasets/michigan_deception/Transcription/Truthful/trial_truth_038.txt,,AVAILABLE_AT_SOURCE,,Real-life_Deception_Detection_2016/Clips/Truthful/trial_truth_038.mp4,Real-life_Deception_Detection_2016/Transcription/Truthful/trial_truth_038.txt,1933196,86537dee,
michigan_deception,trial_truth_039,real_life_deception,https://web.eecs.umich.edu/~mihalcea/downloads.html,No license file in archive or on page; released by the authors for research. Cite Perez-Rosas et al. ICMI 2015.,,,TRUTHFUL,UNKNOWN,datasets/michigan_deception/Clips/Truthful/trial_truth_039.mp4,datasets/michigan_deception/Transcription/Truthful/trial_truth_039.txt,,AVAILABLE_AT_SOURCE,,Real-life_Deception_Detection_2016/Clips/Truthful/trial_truth_039.mp4,Real-life_Deception_Detection_2016/Transcription/Truthful/trial_truth_039.txt,1760919,76f4ca2d,
michigan_deception,trial_truth_040,real_life_deception,https://web.eecs.umich.edu/~mihalcea/downloads.html,No license file in archive or on page; released by the authors for research. Cite Perez-Rosas et al. ICMI 2015.,,,TRUTHFUL,UNKNOWN,datasets/michigan_deception/Clips/Truthful/trial_truth_040.mp4,datasets/michigan_deception/Transcription/Truthful/trial_truth_040.txt,,AVAILABLE_AT_SOURCE,,Real-life_Deception_Detection_2016/Clips/Truthful/trial_truth_040.mp4,Real-life_Deception_Detection_2016/Transcription/Truthful/trial_truth_040.txt,1782362,59910d0f,
michigan_deception,trial_truth_041,real_life_deception,https://web.eecs.umich.edu/~mihalcea/downloads.html,No license file in archive or on page; released by the authors for research. Cite Perez-Rosas et al. ICMI 2015.,,,TRUTHFUL,UNKNOWN,datasets/michigan_deception/Clips/Truthful/trial_truth_041.mp4,datasets/michigan_deception/Transcription/Truthful/trial_truth_041.txt,,AVAILABLE_AT_SOURCE,,Real-life_Deception_Detection_2016/Clips/Truthful/trial_truth_041.mp4,Real-life_Deception_Detection_2016/Transcription/Truthful/trial_truth_041.txt,903166,2fc9a9e1,
michigan_deception,trial_truth_042,real_life_deception,https://web.eecs.umich.edu/~mihalcea/downloads.html,No license file in archive or on page; released by the authors for research. Cite Perez-Rosas et al. ICMI 2015.,,,TRUTHFUL,UNKNOWN,datasets/michigan_deception/Clips/Truthful/trial_truth_042.mp4,datasets/michigan_deception/Transcription/Truthful/trial_truth_042.txt,,AVAILABLE_AT_SOURCE,,Real-life_Deception_Detection_2016/Clips/Truthful/trial_truth_042.mp4,Real-life_Deception_Detection_2016/Transcription/Truthful/trial_truth_042.txt,864295,019bd447,
michigan_deception,trial_truth_043,real_life_deception,https://web.eecs.umich.edu/~mihalcea/downloads.html,No license file in archive or on page; released by the authors for research. Cite Perez-Rosas et al. ICMI 2015.,,,TRUTHFUL,UNKNOWN,datasets/michigan_deception/Clips/Truthful/trial_truth_043.mp4,datasets/michigan_deception/Transcription/Truthful/trial_truth_043.txt,,AVAILABLE_AT_SOURCE,,Real-life_Deception_Detection_2016/Clips/Truthful/trial_truth_043.mp4,Real-life_Deception_Detection_2016/Transcription/Truthful/trial_truth_043.txt,532711,58818fcb,
michigan_deception,trial_truth_044,real_life_deception,https://web.eecs.umich.edu/~mihalcea/downloads.html,No license file in archive or on page; released by the authors for research. Cite Perez-Rosas et al. ICMI 2015.,,,TRUTHFUL,UNKNOWN,datasets/michigan_deception/Clips/Truthful/trial_truth_044.mp4,datasets/michigan_deception/Transcription/Truthful/trial_truth_044.txt,,AVAILABLE_AT_SOURCE,,Real-life_Deception_Detection_2016/Clips/Truthful/trial_truth_044.mp4,Real-life_Deception_Detection_2016/Transcription/Truthful/trial_truth_044.txt,429323,f7275d45,
michigan_deception,trial_truth_045,real_life_deception,https://web.eecs.umich.edu/~mihalcea/downloads.html,No license file in archive or on page; released by the authors for research. Cite Perez-Rosas et al. ICMI 2015.,,,TRUTHFUL,UNKNOWN,datasets/michigan_deception/Clips/Truthful/trial_truth_045.mp4,datasets/michigan_deception/Transcription/Truthful/trial_truth_045.txt,,AVAILABLE_AT_SOURCE,,Real-life_Deception_Detection_2016/Clips/Truthful/trial_truth_045.mp4,Real-life_Deception_Detection_2016/Transcription/Truthful/trial_truth_045.txt,903956,c8886e68,
michigan_deception,trial_truth_046,real_life_deception,https://web.eecs.umich.edu/~mihalcea/downloads.html,No license file in archive or on page; released by the authors for research. Cite Perez-Rosas et al. ICMI 2015.,,,TRUTHFUL,UNKNOWN,datasets/michigan_deception/Clips/Truthful/trial_truth_046.mp4,datasets/michigan_deception/Transcription/Truthful/trial_truth_046.txt,,AVAILABLE_AT_SOURCE,,Real-life_Deception_Detection_2016/Clips/Truthful/trial_truth_046.mp4,Real-life_Deception_Detection_2016/Transcription/Truthful/trial_truth_046.txt,1204156,378667b5,
michigan_deception,trial_truth_047,real_life_deception,https://web.eecs.umich.edu/~mihalcea/downloads.html,No license file in archive or on page; released by the authors for research. Cite Perez-Rosas et al. ICMI 2015.,,,TRUTHFUL,UNKNOWN,datasets/michigan_deception/Clips/Truthful/trial_truth_047.mp4,datasets/michigan_deception/Transcription/Truthful/trial_truth_047.txt,,AVAILABLE_AT_SOURCE,,Real-life_Deception_Detection_2016/Clips/Truthful/trial_truth_047.mp4,Real-life_Deception_Detection_2016/Transcription/Truthful/trial_truth_047.txt,734702,0d4bd5b1,
michigan_deception,trial_truth_048,real_life_deception,https://web.eecs.umich.edu/~mihalcea/downloads.html,No license file in archive or on page; released by the authors for research. Cite Perez-Rosas et al. ICMI 2015.,,,TRUTHFUL,UNKNOWN,datasets/michigan_deception/Clips/Truthful/trial_truth_048.mp4,datasets/michigan_deception/Transcription/Truthful/trial_truth_048.txt,,AVAILABLE_AT_SOURCE,,Real-life_Deception_Detection_2016/Clips/Truthful/trial_truth_048.mp4,Real-life_Deception_Detection_2016/Transcription/Truthful/trial_truth_048.txt,895602,2e4c3603,
michigan_deception,trial_truth_049,real_life_deception,https://web.eecs.umich.edu/~mihalcea/downloads.html,No license file in archive or on page; released by the authors for research. Cite Perez-Rosas et al. ICMI 2015.,,,TRUTHFUL,UNKNOWN,datasets/michigan_deception/Clips/Truthful/trial_truth_049.mp4,datasets/michigan_deception/Transcription/Truthful/trial_truth_049.txt,,AVAILABLE_AT_SOURCE,,Real-life_Deception_Detection_2016/Clips/Truthful/trial_truth_049.mp4,Real-life_Deception_Detection_2016/Transcription/Truthful/trial_truth_049.txt,864837,935776b8,
michigan_deception,trial_truth_050,real_life_deception,https://web.eecs.umich.edu/~mihalcea/downloads.html,No license file in archive or on page; released by the authors for research. Cite Perez-Rosas et al. ICMI 2015.,,,TRUTHFUL,UNKNOWN,datasets/michigan_deception/Clips/Truthful/trial_truth_050.mp4,datasets/michigan_deception/Transcription/Truthful/trial_truth_050.txt,,AVAILABLE_AT_SOURCE,,Real-life_Deception_Detection_2016/Clips/Truthful/trial_truth_050.mp4,Real-life_Deception_Detection_2016/Transcription/Truthful/trial_truth_050.txt,548975,db0e5868,
michigan_deception,trial_truth_051,real_life_deception,https://web.eecs.umich.edu/~mihalcea/downloads.html,No license file in archive or on page; released by the authors for research. Cite Perez-Rosas et al. ICMI 2015.,,,TRUTHFUL,UNKNOWN,datasets/michigan_deception/Clips/Truthful/trial_truth_051.mp4,datasets/michigan_deception/Transcription/Truthful/trial_truth_051.txt,,AVAILABLE_AT_SOURCE,,Real-life_Deception_Detection_2016/Clips/Truthful/trial_truth_051.mp4,Real-life_Deception_Detection_2016/Transcription/Truthful/trial_truth_051.txt,1279489,364c2faa,
michigan_deception,trial_truth_052,real_life_deception,https://web.eecs.umich.edu/~mihalcea/downloads.html,No license file in archive or on page; released by the authors for research. Cite Perez-Rosas et al. ICMI 2015.,,,TRUTHFUL,UNKNOWN,datasets/michigan_deception/Clips/Truthful/trial_truth_052.mp4,datasets/michigan_deception/Transcription/Truthful/trial_truth_052.txt,,AVAILABLE_AT_SOURCE,,Real-life_Deception_Detection_2016/Clips/Truthful/trial_truth_052.mp4,Real-life_Deception_Detection_2016/Transcription/Truthful/trial_truth_052.txt,777309,5a656cb0,
michigan_deception,trial_truth_053,real_life_deception,https://web.eecs.umich.edu/~mihalcea/downloads.html,No license file in archive or on page; released by the authors for research. Cite Perez-Rosas et al. ICMI 2015.,,,TRUTHFUL,UNKNOWN,datasets/michigan_deception/Clips/Truthful/trial_truth_053.mp4,datasets/michigan_deception/Transcription/Truthful/trial_truth_053.txt,,AVAILABLE_AT_SOURCE,,Real-life_Deception_Detection_2016/Clips/Truthful/trial_truth_053.mp4,Real-life_Deception_Detection_2016/Transcription/Truthful/trial_truth_053.txt,899971,7364fd80,
michigan_deception,trial_truth_054,real_life_deception,https://web.eecs.umich.edu/~mihalcea/downloads.html,No license file in archive or on page; released by the authors for research. Cite Perez-Rosas et al. ICMI 2015.,,,TRUTHFUL,UNKNOWN,datasets/michigan_deception/Clips/Truthful/trial_truth_054.mp4,datasets/michigan_deception/Transcription/Truthful/trial_truth_054.txt,,AVAILABLE_AT_SOURCE,,Real-life_Deception_Detection_2016/Clips/Truthful/trial_truth_054.mp4,Real-life_Deception_Detection_2016/Transcription/Truthful/trial_truth_054.txt,1073333,640999f7,
michigan_deception,trial_truth_055,real_life_deception,https://web.eecs.umich.edu/~mihalcea/downloads.html,No license file in archive or on page; released by the authors for research. Cite Perez-Rosas et al. ICMI 2015.,,,TRUTHFUL,UNKNOWN,datasets/michigan_deception/Clips/Truthful/trial_truth_055.mp4,datasets/michigan_deception/Transcription/Truthful/trial_truth_055.txt,,AVAILABLE_AT_SOURCE,,Real-life_Deception_Detection_2016/Clips/Truthful/trial_truth_055.mp4,Real-life_Deception_Detection_2016/Transcription/Truthful/trial_truth_055.txt,1514418,d6bad061,
michigan_deception,trial_truth_056,real_life_deception,https://web.eecs.umich.edu/~mihalcea/downloads.html,No license file in archive or on page; released by the authors for research. Cite Perez-Rosas et al. ICMI 2015.,,,TRUTHFUL,UNKNOWN,datasets/michigan_deception/Clips/Truthful/trial_truth_056.mp4,datasets/michigan_deception/Transcription/Truthful/trial_truth_056.txt,,AVAILABLE_AT_SOURCE,,Real-life_Deception_Detection_2016/Clips/Truthful/trial_truth_056.mp4,Real-life_Deception_Detection_2016/Transcription/Truthful/trial_truth_056.txt,1659276,beedd36a,
michigan_deception,trial_truth_057,real_life_deception,https://web.eecs.umich.edu/~mihalcea/downloads.html,No license file in archive or on page; released by the authors for research. Cite Perez-Rosas et al. ICMI 2015.,,,TRUTHFUL,UNKNOWN,datasets/michigan_deception/Clips/Truthful/trial_truth_057.mp4,datasets/michigan_deception/Transcription/Truthful/trial_truth_057.txt,,AVAILABLE_AT_SOURCE,,Real-life_Deception_Detection_2016/Clips/Truthful/trial_truth_057.mp4,Real-life_Deception_Detection_2016/Transcription/Truthful/trial_truth_057.txt,1641118,fe0f5be8,
michigan_deception,trial_truth_058,real_life_deception,https://web.eecs.umich.edu/~mihalcea/downloads.html,No license file in archive or on page; released by the authors for research. Cite Perez-Rosas et al. ICMI 2015.,,,TRUTHFUL,UNKNOWN,datasets/michigan_deception/Clips/Truthful/trial_truth_058.mp4,datasets/michigan_deception/Transcription/Truthful/trial_truth_058.txt,,AVAILABLE_AT_SOURCE,,Real-life_Deception_Detection_2016/Clips/Truthful/trial_truth_058.mp4,Real-life_Deception_Detection_2016/Transcription/Truthful/trial_truth_058.txt,864542,d6fe0f9c,
michigan_deception,trial_truth_059,real_life_deception,https://web.eecs.umich.edu/~mihalcea/downloads.html,No license file in archive or on page; released by the authors for research. Cite Perez-Rosas et al. ICMI 2015.,,,TRUTHFUL,UNKNOWN,datasets/michigan_deception/Clips/Truthful/trial_truth_059.mp4,datasets/michigan_deception/Transcription/Truthful/trial_truth_059.txt,,AVAILABLE_AT_SOURCE,,Real-life_Deception_Detection_2016/Clips/Truthful/trial_truth_059.mp4,Real-life_Deception_Detection_2016/Transcription/Truthful/trial_truth_059.txt,1154822,3205ef11,
michigan_deception,trial_truth_060,real_life_deception,https://web.eecs.umich.edu/~mihalcea/downloads.html,No license file in archive or on page; released by the authors for research. Cite Perez-Rosas et al. ICMI 2015.,,,TRUTHFUL,UNKNOWN,datasets/michigan_deception/Clips/Truthful/trial_truth_060.mp4,datasets/michigan_deception/Transcription/Truthful/trial_truth_060.txt,,AVAILABLE_AT_SOURCE,,Real-life_Deception_Detection_2016/Clips/Truthful/trial_truth_060.mp4,Real-life_Deception_Detection_2016/Transcription/Truthful/trial_truth_060.txt,605896,648cce09,
